id,scene,start,dur,size,lens,angle,move,action,sound,text,trans,hero,refs,attach,full_prompt,motion,frame
SC00A,SC00,0:00,8,MACRO,100,eye level,locked off,"Black. A warm glow fades up on a wet, translucent surface with metallic threads beneath it. We can't tell what it is.","Silence, then one slow breath through a respirator valve.",,CUT,False,CHRYSALIS,Chrysalis (flow-guide §1.3),"Extreme macro of a wet translucent organic surface like grape skin, fine uneven metallic threads running beneath it, condensation beads, lit by a single tiny warm lamp from below, deep darkness around; abstract and unidentifiable. Cinematic film still, 16:9 frame with the key action kept inside a central 2.39:1 band, large-format digital cinema camera, clean-dystopia production design, photoreal, subtle film grain, no neon, no text. The air is perfectly filtered: no dust motes, no visible light beams.","Locked off. The surface swells almost imperceptibly once, like a slow breath.",
SC00B,SC00,0:08,7,MACRO,100,eye level,slow push in,The surface pulses once. A bead of condensation slides down.,A faint wet creak.,,CUT,False,CHRYSALIS,Chrysalis (flow-guide §1.3),"Extreme macro of a 3.5 cm chrysalis hanging under a greying wild-strawberry leaf: translucent wet organic tissue like grape skin held to light, fine uneven metallic threads running beneath it like veins or wiring, an anchoring silk pad of part organic thread and part frayed filament, condensation beads, no glow, it looks like it might be rotting, framed so tightly it is abstract; a single bead of condensation on the surface, warm lamp light, black background. Cinematic film still, 16:9 frame with the key action kept inside a central 2.39:1 band, large-format digital cinema camera, clean-dystopia production design, photoreal, subtle film grain, no neon, no text. The air is perfectly filtered: no dust motes, no visible light beams.",Very slow push in. One drop of condensation slides down the surface.,
SC00C,SC00,0:15,5,ECU,85,eye level,locked off,"An eye in the dark, the lamp reflected in it. Unblinking.",His held breath.,,CUT,False,C01-C03,DP reference: reference/DP-C01.png + DP-C03.png (add DP-C02.png for three-quarter angles),"Extreme close-up of one eye of the man from character reference images C01-C03 (match his face exactly): early 30s, warm brown skin, thick curly dark hair with shorter faded sides, full short neatly trimmed black beard and moustache, small dark mark at the outer corner of his left eye, in near darkness, a tiny warm lamp reflected in the iris, watching something below frame, utterly still. Cinematic film still, 16:9 frame with the key action kept inside a central 2.39:1 band, large-format digital cinema camera, clean-dystopia production design, photoreal, subtle film grain, no neon, no text. The air is perfectly filtered: no dust motes, no visible light beams.",Locked off. He doesn't blink. The lamp reflection trembles slightly.,
SC00D,SC00,0:20,4,INSERT,0,—,—,Black. A tiny organic crack.,"A small, wet crack. Silence.",,HARD CUT,False,,,Pure black frame.,Hold on black.,
SC00E,SC00,0:24,6,TITLE,0,—,—,"Title card: FLUTTER. White on black, opacity rising and falling like a breath.",One long exhale.,FLUTTER,CUT,False,,,Pure black frame (title added in post).,Hold on black; the title breathes in post.,
SC01A,SC01,0:30,8,WS,24,eye level,locked off,Artificial daylight swells through the apartment on schedule. DP asleep in a low bed.,A soft two-note chime. The ventilation hum starts and stays under every interior shot.,,CUT,True,APARTMENT; C01-C03,APARTMENT plate (flow-guide §1.6); DP reference: reference/DP-C01.png + DP-C03.png (add DP-C02.png for three-quarter angles),"Wide shot of a technically perfect small luxury apartment on the 786th floor: warm ivory walls, pale stone floor, warm composite wood, frosted glass, a sealed floor-to-ceiling window onto a rose-amber hazy sky and colossal towers; spotless, minimal, emotionally sterile, at dawn: soft artificial daylight rising through the frosted ceiling panels, a low minimal bed where the man from character reference images C01-C03 (match his face exactly): early 30s, warm brown skin, thick curly dark hair with shorter faded sides, full short neatly trimmed black beard and moustache, small dark mark at the outer corner of his left eye; wearing his heather-grey crew-neck T-shirt and dark-grey cargo work trousers, barefoot, no jacket, lies asleep, a softly glowing wall panel, the sealed window showing rose-amber haze. Cinematic film still, 16:9 frame with the key action kept inside a central 2.39:1 band, large-format digital cinema camera, clean-dystopia production design, photoreal, subtle film grain, no neon, no text. The air is perfectly filtered: no dust motes, no visible light beams.",Locked off. The light rises smoothly from dim to bright over 8 seconds.,
SC01B,SC01,0:38,4,MCU,50,eye level,locked off,DP opens his eyes.,,,CUT,False,C01-C03,DP reference: reference/DP-C01.png + DP-C03.png (add DP-C02.png for three-quarter angles),"Medium close-up of the man from character reference images C01-C03 (match his face exactly): early 30s, warm brown skin, thick curly dark hair with shorter faded sides, full short neatly trimmed black beard and moustache, small dark mark at the outer corner of his left eye, lying on a pale pillow in soft artificial morning light, eyes just opening, calm, unhurried. Cinematic film still, 16:9 frame with the key action kept inside a central 2.39:1 band, large-format digital cinema camera, clean-dystopia production design, photoreal, subtle film grain, no neon, no text. The air is perfectly filtered: no dust motes, no visible light beams.",Locked off. His eyes open; nothing else moves.,
SC01C,SC01,0:42,6,MS,50,low,locked off,"At the foot of the bed, the pet wakes at exactly the same moment and stretches in a perfectly symmetrical motion.",,,CUT,False,PET; APARTMENT,Pet (flow-guide §1.5); APARTMENT plate (flow-guide §1.6),"Medium shot of a bio-synthetic companion animal in a cat shape: soft short pale-grey coat, slightly too-perfect proportions and posture, calm glassy eyes, a tiny soft licence light at its collar, at the foot of a pale bed in a technically perfect small luxury apartment on the 786th floor: warm ivory walls, pale stone floor, warm composite wood, frosted glass, a sealed floor-to-ceiling window onto a rose-amber hazy sky and colossal towers; spotless, minimal, emotionally sterile, mid-stretch, the stretch unnaturally symmetrical and smooth. Cinematic film still, 16:9 frame with the key action kept inside a central 2.39:1 band, large-format digital cinema camera, clean-dystopia production design, photoreal, subtle film grain, no neon, no text. The air is perfectly filtered: no dust motes, no visible light beams.","Locked off. The pet stretches in one perfectly smooth, mechanical-feeling arc, then settles exactly back into place.",
SC01D,SC01,0:48,4,INSERT,65,eye level,locked off,The home panel's morning readout.,,O₂ 21.0% · RH 45.0% · 22.0°C,CUT,False,APARTMENT,APARTMENT plate (flow-guide §1.6),"Close insert of a softly glowing wall interface panel in pale stone and frosted glass, minimal and elegant (readout added in post). Cinematic film still, 16:9 frame with the key action kept inside a central 2.39:1 band, large-format digital cinema camera, clean-dystopia production design, photoreal, subtle film grain, no neon, no text. The air is perfectly filtered: no dust motes, no visible light beams.",Locked off. The panel brightens gently.,
SC01E,SC01,0:52,3,WS,32,eye level,locked off,"DP sits up. Behind him, the sealed window and the amber sky.",,,CUT,False,C01-C03; APARTMENT,DP reference: reference/DP-C01.png + DP-C03.png (add DP-C02.png for three-quarter angles); APARTMENT plate (flow-guide §1.6),"Wide shot from the side of the man from character reference images C01-C03 (match his face exactly): early 30s, warm brown skin, thick curly dark hair with shorter faded sides, full short neatly trimmed black beard and moustache, small dark mark at the outer corner of his left eye; wearing his heather-grey crew-neck T-shirt and dark-grey cargo work trousers, barefoot, no jacket, sitting up on the edge of a low bed in a technically perfect small luxury apartment on the 786th floor: warm ivory walls, pale stone floor, warm composite wood, frosted glass, a sealed floor-to-ceiling window onto a rose-amber hazy sky and colossal towers; spotless, minimal, emotionally sterile; behind him the sealed floor-to-ceiling window full of rose-amber haze and distant towers. Cinematic film still, 16:9 frame with the key action kept inside a central 2.39:1 band, large-format digital cinema camera, clean-dystopia production design, photoreal, subtle film grain, no neon, no text. The air is perfectly filtered: no dust motes, no visible light beams.",Locked off. He sits up and rests his forearms on his knees.,
SC02A,SC02,0:55,5,CU,85,eye level,locked off,"The wall dispenser extrudes a pale protein ""strawberry"" into a dish.",A soft dispenser whir.,,CUT,False,APARTMENT,APARTMENT plate (flow-guide §1.6),"Close-up of an elegant wall food dispenser in brushed champagne metal extruding a pale, slightly translucent protein food moulded into the perfect shape of a strawberry onto a white dish; clinical and beautiful. Cinematic film still, 16:9 frame with the key action kept inside a central 2.39:1 band, large-format digital cinema camera, clean-dystopia production design, photoreal, subtle film grain, no neon, no text. The air is perfectly filtered: no dust motes, no visible light beams.",Locked off. The 'strawberry' finishes forming and settles onto the dish.,
SC02B,SC02,1:00,7,MS,40,eye level,locked off,"DP eats standing at the counter. The pet sits beside him, too still.",,,CUT,False,C01-C03; PET; APARTMENT,DP reference: reference/DP-C01.png + DP-C03.png (add DP-C02.png for three-quarter angles); Pet (flow-guide §1.5); APARTMENT plate (flow-guide §1.6),"Medium shot of the man from character reference images C01-C03 (match his face exactly): early 30s, warm brown skin, thick curly dark hair with shorter faded sides, full short neatly trimmed black beard and moustache, small dark mark at the outer corner of his left eye; wearing his heather-grey crew-neck T-shirt and dark-grey cargo work trousers, barefoot, no jacket, standing at a pale stone kitchen counter eating the pale protein strawberry, a bio-synthetic companion animal in a cat shape: soft short pale-grey coat, slightly too-perfect proportions and posture, calm glassy eyes, a tiny soft licence light at its collar, sitting on the counter beside him in a perfectly upright pose, inside a technically perfect small luxury apartment on the 786th floor: warm ivory walls, pale stone floor, warm composite wood, frosted glass, a sealed floor-to-ceiling window onto a rose-amber hazy sky and colossal towers; spotless, minimal, emotionally sterile. Cinematic film still, 16:9 frame with the key action kept inside a central 2.39:1 band, large-format digital cinema camera, clean-dystopia production design, photoreal, subtle film grain, no neon, no text. The air is perfectly filtered: no dust motes, no visible light beams.",Locked off. He eats one bite; the pet doesn't move at all.,
SC02C,SC02,1:07,4,INSERT,85,eye level,locked off,"In the panel's corner, a number nobody looks at.",,BIOLOGICAL VARIANCE 0.001% — WITHIN TOLERANCE,CUT,False,APARTMENT,APARTMENT plate (flow-guide §1.6),"Close insert of the corner of a softly glowing wall interface panel, minimal, pale stone surround (readout added in post). Cinematic film still, 16:9 frame with the key action kept inside a central 2.39:1 band, large-format digital cinema camera, clean-dystopia production design, photoreal, subtle film grain, no neon, no text. The air is perfectly filtered: no dust motes, no visible light beams.",Locked off.,
SC02D,SC02,1:11,5,CU,65,high,locked off,A crumb goes into the sterilisation port. A flash. Nothing left.,A soft 'fft'.,,CUT,False,APARTMENT,APARTMENT plate (flow-guide §1.6),"Close-up from above of a small round wall hatch in brushed champagne metal, open, a fingertip dropping a pale crumb into it; a soft white-blue flash of light inside. Cinematic film still, 16:9 frame with the key action kept inside a central 2.39:1 band, large-format digital cinema camera, clean-dystopia production design, photoreal, subtle film grain, no neon, no text. The air is perfectly filtered: no dust motes, no visible light beams.","Locked off. The crumb drops, the hatch flashes white, it is empty.",
SC02E,SC02,1:16,4,CU,85,eye level,locked off,"DP's eyes flick, for half a second, to a low wall panel. Then away.",,,CUT,False,C01-C03,DP reference: reference/DP-C01.png + DP-C03.png (add DP-C02.png for three-quarter angles),"Close-up of the man from character reference images C01-C03 (match his face exactly): early 30s, warm brown skin, thick curly dark hair with shorter faded sides, full short neatly trimmed black beard and moustache, small dark mark at the outer corner of his left eye, in soft morning light, his eyes glancing down and to the side toward something low on the wall, then away. Cinematic film still, 16:9 frame with the key action kept inside a central 2.39:1 band, large-format digital cinema camera, clean-dystopia production design, photoreal, subtle film grain, no neon, no text. The air is perfectly filtered: no dust motes, no visible light beams.",Locked off. A brief downward glance and back.,
SC02F,SC02,1:20,4,INSERT,50,low,locked off,"The low wall panel near the floor: flush, seamless, ordinary.",,,CUT,False,APARTMENT,APARTMENT plate (flow-guide §1.6),"Low-angle insert of a flush, seamless pale wall panel near the floor of a technically perfect small luxury apartment on the 786th floor: warm ivory walls, pale stone floor, warm composite wood, frosted glass, a sealed floor-to-ceiling window onto a rose-amber hazy sky and colossal towers; spotless, minimal, emotionally sterile; perfectly ordinary, nothing to see. Cinematic film still, 16:9 frame with the key action kept inside a central 2.39:1 band, large-format digital cinema camera, clean-dystopia production design, photoreal, subtle film grain, no neon, no text. The air is perfectly filtered: no dust motes, no visible light beams.",Locked off.,
SC02G,SC02,1:24,6,MS,35,eye level,locked off,By the door he pulls on the dusty work jacket. The only dirt in the apartment.,,,CUT,False,C01-C03; APARTMENT,DP reference: reference/DP-C01.png + DP-C03.png (add DP-C02.png for three-quarter angles); APARTMENT plate (flow-guide §1.6),"Medium shot of the man from character reference images C01-C03 (match his face exactly): early 30s, warm brown skin, thick curly dark hair with shorter faded sides, full short neatly trimmed black beard and moustache, small dark mark at the outer corner of his left eye; dusty faded charcoal-black canvas work jacket open over a heather-grey crew-neck T-shirt, dusty dark-grey cargo work trousers, scuffed brown leather lace-up work boots; his grey twin-cartridge half-face respirator hanging at his chest from its black corrugated hose, which runs to a compact grey belt unit at his left hip, by the front door of a technically perfect small luxury apartment on the 786th floor: warm ivory walls, pale stone floor, warm composite wood, frosted glass, a sealed floor-to-ceiling window onto a rose-amber hazy sky and colossal towers; spotless, minimal, emotionally sterile, shrugging on the dusty jacket; the dust on it is the only imperfection in the spotless room. Cinematic film still, 16:9 frame with the key action kept inside a central 2.39:1 band, large-format digital cinema camera, clean-dystopia production design, photoreal, subtle film grain, no neon, no text. The air is perfectly filtered: no dust motes, no visible light beams.",Locked off. He pulls the jacket on in one practised move.,
SC03A,SC03,1:30,4,ECU,65,eye level,locked off,The half-mask goes onto his face. Click. Seal tone.,CLICK + seal tone (motif).,,CUT,False,C01-C03,DP reference: reference/DP-C01.png + DP-C03.png (add DP-C02.png for three-quarter angles),"Extreme close-up of the grey twin-cartridge half-face respirator being pressed onto the face of the man from character reference images C01-C03 (match his face exactly): early 30s, warm brown skin, thick curly dark hair with shorter faded sides, full short neatly trimmed black beard and moustache, small dark mark at the outer corner of his left eye; his eyes above it, practised and calm. Cinematic film still, 16:9 frame with the key action kept inside a central 2.39:1 band, large-format digital cinema camera, clean-dystopia production design, photoreal, subtle film grain, no neon, no text. The air is perfectly filtered: no dust motes, no visible light beams.",Locked off. The mask seats against his face in one firm motion.,
SC03B,SC03,1:34,3,INSERT,85,eye level,locked off,He clips the hose to the belt unit. Its light goes white.,,ALLOCATION 100%,CUT,False,C01-C03,DP reference: reference/DP-C01.png + DP-C03.png (add DP-C02.png for three-quarter angles),"Insert of a black corrugated respirator hose clicking into a compact grey belt unit on dusty dark-grey cargo trousers; a small status light on the unit glowing white. Cinematic film still, 16:9 frame with the key action kept inside a central 2.39:1 band, large-format digital cinema camera, clean-dystopia production design, photoreal, subtle film grain, no neon, no text. The air is perfectly filtered: no dust motes, no visible light beams.",Locked off. The hose clicks in; the light turns white.,
SC03C,SC03,1:37,5,MS,32,eye level,locked off,The door slides open. DP steps out into the pale corridor.,A soft door glide.,,CUT,False,C01-C03,DP reference: reference/DP-C01.png + DP-C03.png (add DP-C02.png for three-quarter angles),"Medium shot from a pristine pale-stone corridor as an apartment door slides silently open and the man from character reference images C01-C03 (match his face exactly): early 30s, warm brown skin, thick curly dark hair with shorter faded sides, full short neatly trimmed black beard and moustache, small dark mark at the outer corner of his left eye; dusty faded charcoal-black canvas work jacket open over a heather-grey crew-neck T-shirt, dusty dark-grey cargo work trousers, scuffed brown leather lace-up work boots; grey twin-cartridge half-face respirator over his nose and mouth, black corrugated hose over his left shoulder to a compact grey belt unit at his left hip, steps out. Cinematic film still, 16:9 frame with the key action kept inside a central 2.39:1 band, large-format digital cinema camera, clean-dystopia production design, photoreal, subtle film grain, no neon, no text. The air is perfectly filtered: no dust motes, no visible light beams.",Locked off. The door slides open; he walks out past camera.,
SC04A,SC04,1:42,3,INSERT,85,eye level,locked off,The floor counter falls from 786.,A low lift hum.,786 → 520,CUT,False,LIFT,LIFT plate (flow-guide §1.6),"Insert of an elegant brushed-champagne lift floor indicator, softly lit (numbers added in post). Cinematic film still, 16:9 frame with the key action kept inside a central 2.39:1 band, large-format digital cinema camera, clean-dystopia production design, photoreal, subtle film grain, no neon, no text. The air is perfectly filtered: no dust motes, no visible light beams.",Locked off.,
SC04B,SC04,1:45,7,MS,32,eye level,locked off,"Inside the glass lift: DP among immaculate residents. He's the only one with dust on him, and the only one in a work mask.",,,CUT,False,C01-C03; CONSUMER-MASK; LIFT,DP reference: reference/DP-C01.png + DP-C03.png (add DP-C02.png for three-quarter angles); Crescent-respirator crowd reference (flow-guide §1.1 lift test); LIFT plate (flow-guide §1.6),"Medium shot inside a spotless glass-walled express lift: the man from character reference images C01-C03 (match his face exactly): early 30s, warm brown skin, thick curly dark hair with shorter faded sides, full short neatly trimmed black beard and moustache, small dark mark at the outer corner of his left eye; dusty faded charcoal-black canvas work jacket open over a heather-grey crew-neck T-shirt, dusty dark-grey cargo work trousers, scuffed brown leather lace-up work boots; grey twin-cartridge half-face respirator over his nose and mouth, black corrugated hose over his left shoulder to a compact grey belt unit at his left hip, standing among elegant residents in pale, immaculate, well-tailored clothes, each wearing a slim champagne-metal crescent respirator along the jaw with a near-invisible clear seal over the nose and mouth; he is the only person with dusty clothes and the only one in a heavy work mask. Cinematic film still, 16:9 frame with the key action kept inside a central 2.39:1 band, large-format digital cinema camera, clean-dystopia production design, photoreal, subtle film grain, no neon, no text. The air is perfectly filtered: no dust motes, no visible light beams.",Locked off. Nobody moves; the city drifts past the glass behind them.,
SC04C,SC04,1:52,6,MCU,50,eye level,locked off,A six-year-old girl attaches her own crescent respirator in one practised movement. Her mother doesn't look.,A small click.,,CUT,False,CONSUMER-MASK; LIFT,Crescent-respirator crowd reference (flow-guide §1.1 lift test); LIFT plate (flow-guide §1.6),"Medium close-up inside a glass lift of a six-year-old girl in pale clothes fitting a small slim champagne-metal crescent respirator to her own jaw with practised ease; her elegant mother beside her, looking ahead, not helping. Cinematic film still, 16:9 frame with the key action kept inside a central 2.39:1 band, large-format digital cinema camera, clean-dystopia production design, photoreal, subtle film grain, no neon, no text. The air is perfectly filtered: no dust motes, no visible light beams.",Locked off. The girl clicks the respirator on in one fluid motion.,
SC04D,SC04,1:58,4,MS,50,low,locked off,"A licensed dog sits in a too-regular rhythm, its collar tag glowing.",,,CUT,False,LIFT,LIFT plate (flow-guide §1.6),"Medium shot of a bio-synthetic dog with a soft glowing licence tag on its collar sitting in a glass lift, its posture and tail movement unnaturally regular. Cinematic film still, 16:9 frame with the key action kept inside a central 2.39:1 band, large-format digital cinema camera, clean-dystopia production design, photoreal, subtle film grain, no neon, no text. The air is perfectly filtered: no dust motes, no visible light beams.",Locked off. Its tail sweeps in a perfectly even metronome rhythm.,
SC04E,SC04,2:02,8,OTS,35,eye level,slow push in,Over DP's shoulder: the lift leaves the tower core and the city opens up beyond the glass.,,,CUT,False,C01-C03; LIFT; CITY,DP reference: reference/DP-C01.png + DP-C03.png (add DP-C02.png for three-quarter angles); LIFT plate (flow-guide §1.6); CITY plate (flow-guide §1.6),"Over-the-shoulder shot from behind the man from character reference images C01-C03 (match his face exactly): early 30s, warm brown skin, thick curly dark hair with shorter faded sides, full short neatly trimmed black beard and moustache, small dark mark at the outer corner of his left eye; dusty faded charcoal-black canvas work jacket open over a heather-grey crew-neck T-shirt, dusty dark-grey cargo work trousers, scuffed brown leather lace-up work boots; grey twin-cartridge half-face respirator over his nose and mouth, black corrugated hose over his left shoulder to a compact grey belt unit at his left hip, looking out through the glass wall of the lift as it emerges from the tower core into a beautiful vertical megacity: colossal elegant towers a thousand floors tall rising into a permanent rose-amber haze with a pale sun disc, connected by curved glass aerial bridges and transport tubes, quiet flying commuter vehicles moving in orderly lanes; luxurious and efficient, no neon, no grime, no birds. Cinematic film still, 16:9 frame with the key action kept inside a central 2.39:1 band, large-format digital cinema camera, clean-dystopia production design, photoreal, subtle film grain, no neon, no text. The air is perfectly filtered: no dust motes, no visible light beams.",Slow push in past his shoulder toward the glass as the city is revealed.,
SC04F,SC04,2:10,10,EWS,18,eye level,slow drift,"The city: colossal towers in rose-amber haze, glass bridges, flying commuters in silent lanes. No birds.","Wind against glass, very distant.",,CUT,True,CITY,CITY plate (flow-guide §1.6),"Extreme wide shot of a beautiful vertical megacity: colossal elegant towers a thousand floors tall rising into a permanent rose-amber haze with a pale sun disc, connected by curved glass aerial bridges and transport tubes, quiet flying commuter vehicles moving in orderly lanes; luxurious and efficient, no neon, no grime, no birds; a single glass lift capsule travelling down the face of one tower in the foreground. Cinematic film still, 16:9 frame with the key action kept inside a central 2.39:1 band, large-format digital cinema camera, clean-dystopia production design, photoreal, subtle film grain, no neon, no text. The air is perfectly filtered: no dust motes, no visible light beams.",Slow lateral drift. Flying commuters glide in silent lanes; nothing else moves in the sky.,
SC05A,SC05,2:20,6,WS,28,eye level,locked off,A transit concourse. DP crosses through the pale crowd.,,,CUT,False,C01-C03; CONSUMER-MASK; BRIDGE,DP reference: reference/DP-C01.png + DP-C03.png (add DP-C02.png for three-quarter angles); Crescent-respirator crowd reference (flow-guide §1.1 lift test); BRIDGE plate (flow-guide §1.6),"Wide shot of a vast transit concourse of pale stone and frosted glass, soft light, elegant residents in pale, immaculate, well-tailored clothes, each wearing a slim champagne-metal crescent respirator along the jaw with a near-invisible clear seal over the nose and mouth, moving calmly; the man from character reference images C01-C03 (match his face exactly): early 30s, warm brown skin, thick curly dark hair with shorter faded sides, full short neatly trimmed black beard and moustache, small dark mark at the outer corner of his left eye; dusty faded charcoal-black canvas work jacket open over a heather-grey crew-neck T-shirt, dusty dark-grey cargo work trousers, scuffed brown leather lace-up work boots; grey twin-cartridge half-face respirator over his nose and mouth, black corrugated hose over his left shoulder to a compact grey belt unit at his left hip crossing through them. Cinematic film still, 16:9 frame with the key action kept inside a central 2.39:1 band, large-format digital cinema camera, clean-dystopia production design, photoreal, subtle film grain, no neon, no text. The air is perfectly filtered: no dust motes, no visible light beams.",Locked off. The crowd flows; he cuts across it.,
SC05B,SC05,2:26,7,EWS,24,low,locked off,A curved glass bridge between two towers; flying commuters pass beneath it.,,,CUT,False,BRIDGE; CITY,BRIDGE plate (flow-guide §1.6); CITY plate (flow-guide §1.6),"Extreme wide low-angle shot of a curved glass aerial bridge between two colossal towers in a beautiful vertical megacity: colossal elegant towers a thousand floors tall rising into a permanent rose-amber haze with a pale sun disc, connected by curved glass aerial bridges and transport tubes, quiet flying commuter vehicles moving in orderly lanes; luxurious and efficient, no neon, no grime, no birds; small figures crossing inside it, quiet flying commuter vehicles passing beneath. Cinematic film still, 16:9 frame with the key action kept inside a central 2.39:1 band, large-format digital cinema camera, clean-dystopia production design, photoreal, subtle film grain, no neon, no text. The air is perfectly filtered: no dust motes, no visible light beams.",Locked off. Two commuter vehicles glide under the bridge.,
SC05C,SC05,2:33,7,MS,35,eye level,tracking with DP,A plaza of perfect projected trees. DP walks beneath them. Nobody looks up.,,,CUT,False,C01-C03; CONSUMER-MASK; BRIDGE,DP reference: reference/DP-C01.png + DP-C03.png (add DP-C02.png for three-quarter angles); Crescent-respirator crowd reference (flow-guide §1.1 lift test); BRIDGE plate (flow-guide §1.6),"Medium shot of the man from character reference images C01-C03 (match his face exactly): early 30s, warm brown skin, thick curly dark hair with shorter faded sides, full short neatly trimmed black beard and moustache, small dark mark at the outer corner of his left eye; dusty faded charcoal-black canvas work jacket open over a heather-grey crew-neck T-shirt, dusty dark-grey cargo work trousers, scuffed brown leather lace-up work boots; grey twin-cartridge half-face respirator over his nose and mouth, black corrugated hose over his left shoulder to a compact grey belt unit at his left hip, walking through an indoor plaza of perfect projected and synthetic trees with flawless green leaves; elegant residents in pale, immaculate, well-tailored clothes, each wearing a slim champagne-metal crescent respirator along the jaw with a near-invisible clear seal over the nose and mouth, passing, none of them looking up. Cinematic film still, 16:9 frame with the key action kept inside a central 2.39:1 band, large-format digital cinema camera, clean-dystopia production design, photoreal, subtle film grain, no neon, no text. The air is perfectly filtered: no dust motes, no visible light beams.",Tracking alongside him. The synthetic leaves sway in a too-regular rhythm.,
SC05D,SC05,2:40,5,CU,85,low,locked off,The first drops of warm amber rain hit the glass roof.,Rain on glass.,,CUT,False,BRIDGE,BRIDGE plate (flow-guide §1.6),"Close-up looking up at a clear glass roof as the first drops of warm, faintly amber rain land and streak across it, rose-amber sky beyond. Cinematic film still, 16:9 frame with the key action kept inside a central 2.39:1 band, large-format digital cinema camera, clean-dystopia production design, photoreal, subtle film grain, no neon, no text. The air is perfectly filtered: no dust motes, no visible light beams.",Locked off. Amber drops land and run down the glass.,
SC05E,SC05,2:45,7,WS,28,eye level,locked off,An open section of the bridge seals itself with a sliding glass panel. Commuters hurry.,A soft bridge announcement chime.,,CUT,False,BRIDGE; CONSUMER-MASK,BRIDGE plate (flow-guide §1.6); Crescent-respirator crowd reference (flow-guide §1.1 lift test),"Wide shot of an open-air section of a glass aerial bridge as a curved glass panel slides closed over it; elegant residents in pale, immaculate, well-tailored clothes, each wearing a slim champagne-metal crescent respirator along the jaw with a near-invisible clear seal over the nose and mouth, hurrying inside out of the amber rain. Cinematic film still, 16:9 frame with the key action kept inside a central 2.39:1 band, large-format digital cinema camera, clean-dystopia production design, photoreal, subtle film grain, no neon, no text. The air is perfectly filtered: no dust motes, no visible light beams.",Locked off. The glass panel slides shut; people quicken their steps.,
SC05F,SC05,2:52,6,MS,40,eye level,locked off,A small white drone rinses the walkway behind them.,,,CUT,False,DRONE; BRIDGE,Drone (flow-guide §1.5); BRIDGE plate (flow-guide §1.6),"Medium shot of a small rounded white appliance-like drone hovering low over a pale stone walkway, spraying a fine clean rinse. Cinematic film still, 16:9 frame with the key action kept inside a central 2.39:1 band, large-format digital cinema camera, clean-dystopia production design, photoreal, subtle film grain, no neon, no text. The air is perfectly filtered: no dust motes, no visible light beams.","Locked off. The drone glides across frame, rinsing.",
SC06A,SC06,2:58,8,WS,28,eye level,locked off,"A sealed agricultural floor. Real crops behind glass, pollination units flying in perfect grids. DP services a regulator in the foreground.","A thin, high grid-flight whine.",,CUT,False,AG-FLOOR; C01-C03; PU-7,AG-FLOOR plate (flow-guide §1.6); DP reference: reference/DP-C01.png + DP-C03.png (add DP-C02.png for three-quarter angles); Pollination unit (flow-guide §1.4),"Wide shot of a sealed agricultural floor: perfect rows of real green crops under even white light behind floor-to-ceiling glass, tiny insect-scale pollination drones flying above them in an exact grid; in the foreground the man from character reference images C01-C03 (match his face exactly): early 30s, warm brown skin, thick curly dark hair with shorter faded sides, full short neatly trimmed black beard and moustache, small dark mark at the outer corner of his left eye; dusty faded charcoal-black canvas work jacket open over a heather-grey crew-neck T-shirt, dusty dark-grey cargo work trousers, scuffed brown leather lace-up work boots; his grey twin-cartridge half-face respirator hanging at his chest from its black corrugated hose, which runs to a compact grey belt unit at his left hip, kneels at an open humidity-regulator panel. Cinematic film still, 16:9 frame with the key action kept inside a central 2.39:1 band, large-format digital cinema camera, clean-dystopia production design, photoreal, subtle film grain, no neon, no text. The air is perfectly filtered: no dust motes, no visible light beams.",Locked off. The drones move in precise grid lines; he works.,
SC06B,SC06,3:06,5,MACRO,100,eye level,locked off,Pollination units in exact formation over the leaves.,,,CUT,False,PU-7; AG-FLOOR,Pollination unit (flow-guide §1.4); AG-FLOOR plate (flow-guide §1.6),"Macro shot of several insect-scale pollination drones hovering in an exact grid formation just above green crop leaves, clinical white light. Cinematic film still, 16:9 frame with the key action kept inside a central 2.39:1 band, large-format digital cinema camera, clean-dystopia production design, photoreal, subtle film grain, no neon, no text. The air is perfectly filtered: no dust motes, no visible light beams.",Locked off. The drones step sideways in perfect unison.,
SC06C,SC06,3:11,4,CU,100,eye level,locked off,"One unit clips another and falls, its right wing spar bent.",,,CUT,True,PU-7; AG-FLOOR,Pollination unit (flow-guide §1.4); AG-FLOOR plate (flow-guide §1.6),"Close-up of a damaged insect-scale pollination drone: a bee-sized bio-synthetic body of pale engineered tissue over a micro-segmented graphite spine, thin carbon-fibre wing spars, the right forewing spar visibly bent, tumbling out of a formation of identical drones after a collision, falling past green leaves. Cinematic film still, 16:9 frame with the key action kept inside a central 2.39:1 band, large-format digital cinema camera, clean-dystopia production design, photoreal, subtle film grain, no neon, no text. The air is perfectly filtered: no dust motes, no visible light beams.","Locked off. One drone clips another and drops out of frame, spinning.",
SC06D,SC06,3:15,4,MS,50,high,locked off,A robot arm sweeps it into a white disposal tray.,,,CUT,False,PU-7; AG-FLOOR,Pollination unit (flow-guide §1.4); AG-FLOOR plate (flow-guide §1.6),"Medium high-angle shot of a slim white robotic arm sweeping a broken insect-sized drone into a white disposal tray holding a few other broken drones. Cinematic film still, 16:9 frame with the key action kept inside a central 2.39:1 band, large-format digital cinema camera, clean-dystopia production design, photoreal, subtle film grain, no neon, no text. The air is perfectly filtered: no dust motes, no visible light beams.",Locked off. The arm sweeps once and retracts.,
SC06E,SC06,3:19,4,INSERT,65,high,locked off,His work tablet pings an unrelated notice.,A tablet ping.,UNIT 41-602-07 — MICROBIAL BLOOM (food residue) — NOTICE ISSUED,CUT,False,C01-C03,DP reference: reference/DP-C01.png + DP-C03.png (add DP-C02.png for three-quarter angles),"Insert over the shoulder of a slim work tablet in a hand with a dusty charcoal canvas sleeve, the screen softly glowing (text added in post). Cinematic film still, 16:9 frame with the key action kept inside a central 2.39:1 band, large-format digital cinema camera, clean-dystopia production design, photoreal, subtle film grain, no neon, no text. The air is perfectly filtered: no dust motes, no visible light beams.",Locked off.,
SC06F,SC06,3:23,3,CU,85,eye level,locked off,"Above the mask, his eyes flick to a camera dome on the ceiling.",,,CUT,False,C01-C03,DP reference: reference/DP-C01.png + DP-C03.png (add DP-C02.png for three-quarter angles),"Close-up of the man from character reference images C01-C03 (match his face exactly): early 30s, warm brown skin, thick curly dark hair with shorter faded sides, full short neatly trimmed black beard and moustache, small dark mark at the outer corner of his left eye, wearing a grey twin-cartridge half-face respirator, his eyes flicking up toward the ceiling. Cinematic film still, 16:9 frame with the key action kept inside a central 2.39:1 band, large-format digital cinema camera, clean-dystopia production design, photoreal, subtle film grain, no neon, no text. The air is perfectly filtered: no dust motes, no visible light beams.","Locked off. His eyes go up, then down.",
SC06G,SC06,3:26,5,MS,40,eye level,locked off,"He shifts his body to block the dome's view, and his hand goes into the tray.",,,CUT,False,C01-C03; AG-FLOOR,DP reference: reference/DP-C01.png + DP-C03.png (add DP-C02.png for three-quarter angles); AG-FLOOR plate (flow-guide §1.6),"Medium shot of the man from character reference images C01-C03 (match his face exactly): early 30s, warm brown skin, thick curly dark hair with shorter faded sides, full short neatly trimmed black beard and moustache, small dark mark at the outer corner of his left eye; dusty faded charcoal-black canvas work jacket open over a heather-grey crew-neck T-shirt, dusty dark-grey cargo work trousers, scuffed brown leather lace-up work boots; his grey twin-cartridge half-face respirator hanging at his chest from its black corrugated hose, which runs to a compact grey belt unit at his left hip, turning his back to a small white ceiling camera dome, his body screening his hand as it reaches into a white disposal tray. Cinematic film still, 16:9 frame with the key action kept inside a central 2.39:1 band, large-format digital cinema camera, clean-dystopia production design, photoreal, subtle film grain, no neon, no text. The air is perfectly filtered: no dust motes, no visible light beams.",Locked off. He turns casually; his hand dips into the tray.,
SC06H,SC06,3:31,4,INSERT,85,eye level,locked off,The damaged unit slides into a cargo pocket.,,,CUT,False,PU-7; C01-C03,Pollination unit (flow-guide §1.4); DP reference: reference/DP-C01.png + DP-C03.png (add DP-C02.png for three-quarter angles),"Insert of a hand slipping a damaged insect-scale pollination drone: a bee-sized bio-synthetic body of pale engineered tissue over a micro-segmented graphite spine, thin carbon-fibre wing spars, the right forewing spar visibly bent, into the side cargo pocket of dusty dark-grey cargo trousers. Cinematic film still, 16:9 frame with the key action kept inside a central 2.39:1 band, large-format digital cinema camera, clean-dystopia production design, photoreal, subtle film grain, no neon, no text. The air is perfectly filtered: no dust motes, no visible light beams.",Locked off. The drone disappears into the pocket; the flap falls closed.,
SC06I,SC06,3:35,3,MCU,50,eye level,locked off,He straightens up. Breath steady through the mask. His first transgression.,His steady breath through the valve.,,CUT,False,C01-C03,DP reference: reference/DP-C01.png + DP-C03.png (add DP-C02.png for three-quarter angles),"Medium close-up of the man from character reference images C01-C03 (match his face exactly): early 30s, warm brown skin, thick curly dark hair with shorter faded sides, full short neatly trimmed black beard and moustache, small dark mark at the outer corner of his left eye; dusty faded charcoal-black canvas work jacket open over a heather-grey crew-neck T-shirt, dusty dark-grey cargo work trousers, scuffed brown leather lace-up work boots; grey twin-cartridge half-face respirator over his nose and mouth, black corrugated hose over his left shoulder to a compact grey belt unit at his left hip, straightening up from a kneeling position, eyes calm, breathing steadily. Cinematic film still, 16:9 frame with the key action kept inside a central 2.39:1 band, large-format digital cinema camera, clean-dystopia production design, photoreal, subtle film grain, no neon, no text. The air is perfectly filtered: no dust motes, no visible light beams.",Locked off. He rises into frame and holds still.,
SC07A,SC07,3:38,7,EWS,35,eye level,slow drift,Night. The city lit like jewellery. A commuter vehicle slides past a lit window on Floor 786 as a figure enters.,,,CUT,False,CITY,CITY plate (flow-guide §1.6),"Extreme wide night shot of a beautiful vertical megacity: colossal elegant towers a thousand floors tall rising into a permanent rose-amber haze with a pale sun disc, connected by curved glass aerial bridges and transport tubes, quiet flying commuter vehicles moving in orderly lanes; luxurious and efficient, no neon, no grime, no birds, lit like jewellery, warm window lights stacked into the haze; a quiet flying commuter slides past one lit window high on a tower where a small figure is entering an apartment. Cinematic film still, 16:9 frame with the key action kept inside a central 2.39:1 band, large-format digital cinema camera, clean-dystopia production design, photoreal, subtle film grain, no neon, no text. The air is perfectly filtered: no dust motes, no visible light beams.",Slow drift. The vehicle passes the window; the figure inside closes the door.,
SC08A,SC08,3:45,6,MS,32,eye level,locked off,"DP comes home, lets the mask hang, hangs the dusty jacket by the door.",Click off. The hum.,,CUT,False,C01-C03; APARTMENT,DP reference: reference/DP-C01.png + DP-C03.png (add DP-C02.png for three-quarter angles); APARTMENT plate (flow-guide §1.6),"Medium shot of the man from character reference images C01-C03 (match his face exactly): early 30s, warm brown skin, thick curly dark hair with shorter faded sides, full short neatly trimmed black beard and moustache, small dark mark at the outer corner of his left eye; dusty faded charcoal-black canvas work jacket open over a heather-grey crew-neck T-shirt, dusty dark-grey cargo work trousers, scuffed brown leather lace-up work boots; his grey twin-cartridge half-face respirator hanging at his chest from its black corrugated hose, which runs to a compact grey belt unit at his left hip, stepping into a technically perfect small luxury apartment on the 786th floor: warm ivory walls, pale stone floor, warm composite wood, frosted glass, a sealed floor-to-ceiling window onto a rose-amber hazy sky and colossal towers; spotless, minimal, emotionally sterile, at night and hanging the dusty charcoal jacket on a hook by the door. Cinematic film still, 16:9 frame with the key action kept inside a central 2.39:1 band, large-format digital cinema camera, clean-dystopia production design, photoreal, subtle film grain, no neon, no text. The air is perfectly filtered: no dust motes, no visible light beams.",Locked off. He hangs up the jacket and lets out a breath.,
SC08B,SC08,3:51,4,INSERT,85,high,locked off,He unclips the condensation canister from his belt unit.,,,CUT,False,C01-C03,DP reference: reference/DP-C01.png + DP-C03.png (add DP-C02.png for three-quarter angles),"Insert of a hand unclipping a small clear condensation canister from a compact grey respirator belt unit at the hip of dark-grey cargo trousers; a little water inside. Cinematic film still, 16:9 frame with the key action kept inside a central 2.39:1 band, large-format digital cinema camera, clean-dystopia production design, photoreal, subtle film grain, no neon, no text. The air is perfectly filtered: no dust motes, no visible light beams.",Locked off. The canister clicks free.,
SC08C,SC08,3:55,5,CU,85,eye level,locked off,"He empties it into a small glass jar, not the drain.",Drip.,,CUT,False,APARTMENT,APARTMENT plate (flow-guide §1.6),"Close-up of water from a small clear canister being poured into a small glass jar on a pale stone counter, a spotless sink visible and unused beside it. Cinematic film still, 16:9 frame with the key action kept inside a central 2.39:1 band, large-format digital cinema camera, clean-dystopia production design, photoreal, subtle film grain, no neon, no text. The air is perfectly filtered: no dust motes, no visible light beams.",Locked off. A thin stream fills the jar.,
SC08D,SC08,4:00,5,MS,40,low,locked off,"The pet greets him on schedule, a perfect head-bump. He rests a hand on its back.",,,CUT,False,PET; C01-C03; APARTMENT,Pet (flow-guide §1.5); DP reference: reference/DP-C01.png + DP-C03.png (add DP-C02.png for three-quarter angles); APARTMENT plate (flow-guide §1.6),"Medium low shot of a bio-synthetic companion animal in a cat shape: soft short pale-grey coat, slightly too-perfect proportions and posture, calm glassy eyes, a tiny soft licence light at its collar, pressing its head against the shin of the man from character reference images C01-C03 (match his face exactly): early 30s, warm brown skin, thick curly dark hair with shorter faded sides, full short neatly trimmed black beard and moustache, small dark mark at the outer corner of his left eye; wearing his heather-grey crew-neck T-shirt and dark-grey cargo work trousers, barefoot, no jacket, in a perfectly timed greeting; his hand resting on its back. Cinematic film still, 16:9 frame with the key action kept inside a central 2.39:1 band, large-format digital cinema camera, clean-dystopia production design, photoreal, subtle film grain, no neon, no text. The air is perfectly filtered: no dust motes, no visible light beams.",Locked off. The pet bumps his leg exactly once; his hand settles on it.,
SC09A,SC09,4:05,3,CU,65,low,locked off,He glances up at the ceiling sensor dome.,,,CUT,False,C01-C03,DP reference: reference/DP-C01.png + DP-C03.png (add DP-C02.png for three-quarter angles),"Close-up from below of the man from character reference images C01-C03 (match his face exactly): early 30s, warm brown skin, thick curly dark hair with shorter faded sides, full short neatly trimmed black beard and moustache, small dark mark at the outer corner of his left eye, glancing up at a small white sensor dome on a pale ceiling, at night. Cinematic film still, 16:9 frame with the key action kept inside a central 2.39:1 band, large-format digital cinema camera, clean-dystopia production design, photoreal, subtle film grain, no neon, no text. The air is perfectly filtered: no dust motes, no visible light beams.",Locked off. A quick glance up.,
SC09B,SC09,4:08,5,MS,35,low,locked off,He kneels and presses the low wall panel. It releases.,A soft latch.,,CUT,False,C01-C03; APARTMENT; HABITAT,DP reference: reference/DP-C01.png + DP-C03.png (add DP-C02.png for three-quarter angles); APARTMENT plate (flow-guide §1.6); HABITAT plate (flow-guide §1.6),"Medium low shot of the man from character reference images C01-C03 (match his face exactly): early 30s, warm brown skin, thick curly dark hair with shorter faded sides, full short neatly trimmed black beard and moustache, small dark mark at the outer corner of his left eye; wearing his heather-grey crew-neck T-shirt and dark-grey cargo work trousers, barefoot, no jacket, kneeling at a flush pale wall panel near the floor of a technically perfect small luxury apartment on the 786th floor: warm ivory walls, pale stone floor, warm composite wood, frosted glass, a sealed floor-to-ceiling window onto a rose-amber hazy sky and colossal towers; spotless, minimal, emotionally sterile, and pressing it; it springs open a few centimetres. Cinematic film still, 16:9 frame with the key action kept inside a central 2.39:1 band, large-format digital cinema camera, clean-dystopia production design, photoreal, subtle film grain, no neon, no text. The air is perfectly filtered: no dust motes, no visible light beams.",Locked off. The panel releases with a soft click and swings open.,
SC09C,SC09,4:13,4,INSERT,85,eye level,locked off,A small lamp inside clicks on: warmer than anything we've seen.,A tiny click.,,CUT,False,HABITAT,HABITAT plate (flow-guide §1.6),"Insert inside a dark wall cavity as a tiny warm lamp switches on, the warmest light in an otherwise cool, clean apartment. Cinematic film still, 16:9 frame with the key action kept inside a central 2.39:1 band, large-format digital cinema camera, clean-dystopia production design, photoreal, subtle film grain, no neon, no text. The air is perfectly filtered: no dust motes, no visible light beams.",Locked off. The lamp flickers on and settles.,
SC09D,SC09,4:17,10,CU,50,eye level,slow push in,The habitat revealed. Almost pathetic.,The hum drops slightly: a dead zone.,,CUT,True,HABITAT,HABITAT plate (flow-guide §1.6),"Close-up of a small open wall cavity at floor level lit by a tiny warm lamp: a shallow tray holding a handful of dry soil, one struggling wild strawberry plant with three leaves (one greying) and one tired white flower, a thumb-sized patch of half-grey moss on a stone, a small glass jar of water; almost pathetic. Cinematic film still, 16:9 frame with the key action kept inside a central 2.39:1 band, large-format digital cinema camera, clean-dystopia production design, photoreal, subtle film grain, no neon, no text. The air is perfectly filtered: no dust motes, no visible light beams.",Very slow push in toward the struggling strawberry plant.,
SC09E,SC09,4:27,8,MCU,50,low,locked off,"His face, lit warm from below by the lamp. Quiet devotion.",,,CUT,False,C01-C03,DP reference: reference/DP-C01.png + DP-C03.png (add DP-C02.png for three-quarter angles),"Medium close-up of the man from character reference images C01-C03 (match his face exactly): early 30s, warm brown skin, thick curly dark hair with shorter faded sides, full short neatly trimmed black beard and moustache, small dark mark at the outer corner of his left eye, kneeling, his face lit warm from below by a tiny lamp inside a wall cavity, looking at it with quiet devotion. Cinematic film still, 16:9 frame with the key action kept inside a central 2.39:1 band, large-format digital cinema camera, clean-dystopia production design, photoreal, subtle film grain, no neon, no text. The air is perfectly filtered: no dust motes, no visible light beams.",Locked off. He breathes slowly; nothing else moves.,
SC10A,SC10,4:35,8,INSERT,65,top-down,locked off,A paper notebook: a record of failure in neat handwriting.,Paper.,Seed 7 — no germination. / Fungal culture — collapsed day 4. / Moss — grey. Watering?,CUT,False,LOG,,"Top-down insert of an open paper notebook on a pale stone floor in warm lamp light, pages of neat handwritten entries, many crossed out (handwriting legible text added in post). Cinematic film still, 16:9 frame with the key action kept inside a central 2.39:1 band, large-format digital cinema camera, clean-dystopia production design, photoreal, subtle film grain, no neon, no text. The air is perfectly filtered: no dust motes, no visible light beams.",Locked off. A page turns.,
SC10B,SC10,4:43,6,INSERT,85,top-down,locked off,"More entries, struck through.",A pencil.,Leaf 2 — grey.,CUT,False,LOG,,"Top-down close insert of handwritten notebook entries struck through with single neat lines, warm lamp light. Cinematic film still, 16:9 frame with the key action kept inside a central 2.39:1 band, large-format digital cinema camera, clean-dystopia production design, photoreal, subtle film grain, no neon, no text. The air is perfectly filtered: no dust motes, no visible light beams.",Locked off.,
SC10C,SC10,4:49,10,INSERT,65,eye level,slow push in,"The handwritten diagram taped inside the panel door. The butterfly is circled: ""impossible.""",,impossible,CUT,True,DIAGRAM,Tin and diagram (flow-guide §1.4),"Insert of a faded hand-drawn ink diagram taped inside a small open wall-panel door: a life cycle of sun, plant, butterfly, seed, soil and water joined by arrows; the butterfly circled in newer pen with a short handwritten word beside it. Cinematic film still, 16:9 frame with the key action kept inside a central 2.39:1 band, large-format digital cinema camera, clean-dystopia production design, photoreal, subtle film grain, no neon, no text. The air is perfectly filtered: no dust motes, no visible light beams.",Slow push in to the circled butterfly.,
SC10D,SC10,4:59,6,CU,85,eye level,locked off,His fingertip touches the circled butterfly.,,,CUT,False,DIAGRAM,Tin and diagram (flow-guide §1.4),"Close-up of a fingertip touching a small hand-drawn butterfly circled in pen on a faded paper diagram, warm lamp light. Cinematic film still, 16:9 frame with the key action kept inside a central 2.39:1 band, large-format digital cinema camera, clean-dystopia production design, photoreal, subtle film grain, no neon, no text. The air is perfectly filtered: no dust motes, no visible light beams.",Locked off. The fingertip rests on the drawing.,
SC11A,SC11,5:05,8,MS,40,eye level,locked off,"He puts the mask back on, unclips the hose from the belt unit and feeds it into the bay.",,,CUT,False,C01-C03; HABITAT,DP reference: reference/DP-C01.png + DP-C03.png (add DP-C02.png for three-quarter angles); HABITAT plate (flow-guide §1.6),"Medium shot of the man from character reference images C01-C03 (match his face exactly): early 30s, warm brown skin, thick curly dark hair with shorter faded sides, full short neatly trimmed black beard and moustache, small dark mark at the outer corner of his left eye; wearing his heather-grey crew-neck T-shirt and dark-grey cargo work trousers, barefoot, no jacket, wearing his grey twin-cartridge half-face respirator, unclipping its black corrugated hose from the grey belt unit at his hip and feeding the end into a small open wall cavity at floor level lit by a tiny warm lamp: a shallow tray holding a handful of dry soil, one struggling wild strawberry plant with three leaves (one greying) and one tired white flower, a thumb-sized patch of half-grey moss on a stone, a small glass jar of water; almost pathetic. Cinematic film still, 16:9 frame with the key action kept inside a central 2.39:1 band, large-format digital cinema camera, clean-dystopia production design, photoreal, subtle film grain, no neon, no text. The air is perfectly filtered: no dust motes, no visible light beams.",Locked off. He threads the hose into the cavity.,
SC11B,SC11,5:13,10,WS,28,eye level,locked off,"He sits against the wall beside the open bay, breathing slowly. The habitat runs on his breath.","His breathing, close and real: the first un-designed sound.",,CUT,False,C01-C03; APARTMENT; HABITAT,DP reference: reference/DP-C01.png + DP-C03.png (add DP-C02.png for three-quarter angles); APARTMENT plate (flow-guide §1.6); HABITAT plate (flow-guide §1.6),"Wide shot of the man from character reference images C01-C03 (match his face exactly): early 30s, warm brown skin, thick curly dark hair with shorter faded sides, full short neatly trimmed black beard and moustache, small dark mark at the outer corner of his left eye; wearing his heather-grey crew-neck T-shirt and dark-grey cargo work trousers, barefoot, no jacket, sitting on the floor with his back against the wall of a technically perfect small luxury apartment on the 786th floor: warm ivory walls, pale stone floor, warm composite wood, frosted glass, a sealed floor-to-ceiling window onto a rose-amber hazy sky and colossal towers; spotless, minimal, emotionally sterile, wearing his half-face respirator, its hose running into a small lamp-lit wall cavity beside him; everything else dim and spotless. Cinematic film still, 16:9 frame with the key action kept inside a central 2.39:1 band, large-format digital cinema camera, clean-dystopia production design, photoreal, subtle film grain, no neon, no text. The air is perfectly filtered: no dust motes, no visible light beams.",Locked off. His chest rises and falls slowly.,
SC11C,SC11,5:23,7,CU,100,eye level,locked off,The greying leaf trembles faintly in his breath.,,,CUT,False,HABITAT,HABITAT plate (flow-guide §1.6),"Close-up of a greying wild-strawberry leaf in a lamp-lit wall cavity, the end of a black corrugated hose resting near it. Cinematic film still, 16:9 frame with the key action kept inside a central 2.39:1 band, large-format digital cinema camera, clean-dystopia production design, photoreal, subtle film grain, no neon, no text. The air is perfectly filtered: no dust motes, no visible light beams.",Locked off. The leaf trembles faintly with each breath.,
SC12A,SC12,5:30,5,INSERT,50,top-down,locked off,"Grandmother's dented tin, opened: empty seed envelopes, a sealed vial.",,,CUT,False,TIN,Tin and diagram (flow-guide §1.4),"Top-down insert of a small dented old metal tin opened on a pale stone floor: empty paper seed envelopes and a sealed glass vial in old cryo-wrap, warm lamp light. Cinematic film still, 16:9 frame with the key action kept inside a central 2.39:1 band, large-format digital cinema camera, clean-dystopia production design, photoreal, subtle film grain, no neon, no text. The air is perfectly filtered: no dust motes, no visible light beams.",Locked off. A hand lifts out the vial.,
SC12B,SC12,5:35,4,MACRO,100,eye level,locked off,The vial's label: old handwriting and a tiny drawn butterfly. He doesn't notice. We do.,,,CUT,False,TIN,Tin and diagram (flow-guide §1.4),"Macro of a sealed glass vial's yellowed paper label with faded old handwriting and a tiny hand-drawn butterfly in the corner. Cinematic film still, 16:9 frame with the key action kept inside a central 2.39:1 band, large-format digital cinema camera, clean-dystopia production design, photoreal, subtle film grain, no neon, no text. The air is perfectly filtered: no dust motes, no visible light beams.",Locked off. The vial turns slightly in his fingers.,
SC12C,SC12,5:39,5,CU,85,high,locked off,He cracks the damaged unit open. Clear repair gel.,Snap of the casing.,,CUT,False,PU-7,Pollination unit (flow-guide §1.4),"Close-up of hands cracking open the casing of a damaged insect-scale pollination drone: a bee-sized bio-synthetic body of pale engineered tissue over a micro-segmented graphite spine, thin carbon-fibre wing spars, the right forewing spar visibly bent, with a small tool, clear glossy repair gel welling out. Cinematic film still, 16:9 frame with the key action kept inside a central 2.39:1 band, large-format digital cinema camera, clean-dystopia production design, photoreal, subtle film grain, no neon, no text. The air is perfectly filtered: no dust motes, no visible light beams.",Locked off. The casing splits; gel beads out.,
SC12D,SC12,5:44,6,CU,85,high,locked off,Gel squeezed into the soil; the vial emptied over it.,,,CUT,True,PU-7; HABITAT; TIN,Pollination unit (flow-guide §1.4); HABITAT plate (flow-guide §1.6); Tin and diagram (flow-guide §1.4),"Close-up from above of clear gel being squeezed from a broken insect-sized drone into a handful of dry soil in a shallow tray, a small glass vial tipped beside it; warm lamp light. Cinematic film still, 16:9 frame with the key action kept inside a central 2.39:1 band, large-format digital cinema camera, clean-dystopia production design, photoreal, subtle film grain, no neon, no text. The air is perfectly filtered: no dust motes, no visible light beams.","Locked off. Gel, then the vial's contents, into the soil.",
SC12E,SC12,5:50,5,CU,85,high,locked off,His fingers bury both and pat the soil flat.,,,CUT,False,HABITAT,HABITAT plate (flow-guide §1.6),"Close-up of fingertips burying a broken insect-sized drone in a shallow tray of soil and patting it flat beside a struggling wild strawberry plant, warm lamp light. Cinematic film still, 16:9 frame with the key action kept inside a central 2.39:1 band, large-format digital cinema camera, clean-dystopia production design, photoreal, subtle film grain, no neon, no text. The air is perfectly filtered: no dust motes, no visible light beams.",Locked off. Fingers press the soil smooth.,
SC12F,SC12,5:55,5,INSERT,65,top-down,locked off,"The log: ""Day 0 — last try."" The panel closes.",,Day 0 — last try.,CUT,False,LOG,,"Top-down insert of a pencil finishing a short handwritten line in a paper notebook on a pale stone floor, warm lamp light (handwriting added in post). Cinematic film still, 16:9 frame with the key action kept inside a central 2.39:1 band, large-format digital cinema camera, clean-dystopia production design, photoreal, subtle film grain, no neon, no text. The air is perfectly filtered: no dust motes, no visible light beams.",Locked off. The pencil lifts; the light goes out as the panel closes.,
SC13A,SC13,6:00,3,WS,24,eye level,locked off,Echo of SC01A: the light rises on schedule. DP wakes.,Chime.,,CUT,False,APARTMENT; C01-C03,APARTMENT plate (flow-guide §1.6); DP reference: reference/DP-C01.png + DP-C03.png (add DP-C02.png for three-quarter angles),"Wide shot of a technically perfect small luxury apartment on the 786th floor: warm ivory walls, pale stone floor, warm composite wood, frosted glass, a sealed floor-to-ceiling window onto a rose-amber hazy sky and colossal towers; spotless, minimal, emotionally sterile, at dawn: soft artificial daylight rising, a low minimal bed where the man from character reference images C01-C03 (match his face exactly): early 30s, warm brown skin, thick curly dark hair with shorter faded sides, full short neatly trimmed black beard and moustache, small dark mark at the outer corner of his left eye; wearing his heather-grey crew-neck T-shirt and dark-grey cargo work trousers, barefoot, no jacket, lies awake. Cinematic film still, 16:9 frame with the key action kept inside a central 2.39:1 band, large-format digital cinema camera, clean-dystopia production design, photoreal, subtle film grain, no neon, no text. The air is perfectly filtered: no dust motes, no visible light beams.",Locked off. The light rises fast.,
SC13B,SC13,6:03,2.5,CU,85,eye level,locked off,Echo of SC02A: the protein strawberry.,Whir.,,CUT,False,APARTMENT,APARTMENT plate (flow-guide §1.6),"Close-up of an elegant wall food dispenser in brushed champagne metal extruding a pale protein food moulded into the shape of a strawberry onto a white dish. Cinematic film still, 16:9 frame with the key action kept inside a central 2.39:1 band, large-format digital cinema camera, clean-dystopia production design, photoreal, subtle film grain, no neon, no text. The air is perfectly filtered: no dust motes, no visible light beams.",Locked off.,
SC13C,SC13,6:05.5,2,ECU,65,eye level,locked off,Echo of SC03A: the click.,Click.,,CUT,False,C01-C03,DP reference: reference/DP-C01.png + DP-C03.png (add DP-C02.png for three-quarter angles),"Extreme close-up of the grey twin-cartridge half-face respirator being pressed onto the face of the man from character reference images C01-C03 (match his face exactly): early 30s, warm brown skin, thick curly dark hair with shorter faded sides, full short neatly trimmed black beard and moustache, small dark mark at the outer corner of his left eye. Cinematic film still, 16:9 frame with the key action kept inside a central 2.39:1 band, large-format digital cinema camera, clean-dystopia production design, photoreal, subtle film grain, no neon, no text. The air is perfectly filtered: no dust motes, no visible light beams.",Locked off.,
SC13D,SC13,6:07.5,2,INSERT,85,eye level,locked off,Echo of SC04A: the counter falls.,,786,CUT,False,LIFT,LIFT plate (flow-guide §1.6),"Insert of an elegant brushed-champagne lift floor indicator, softly lit (numbers added in post). Cinematic film still, 16:9 frame with the key action kept inside a central 2.39:1 band, large-format digital cinema camera, clean-dystopia production design, photoreal, subtle film grain, no neon, no text. The air is perfectly filtered: no dust motes, no visible light beams.",Locked off.,
SC13E,SC13,6:09.5,2.5,INSERT,50,low,locked off,"The low wall panel, closed. He doesn't open it. He has given up.",,,CUT,False,APARTMENT,APARTMENT plate (flow-guide §1.6),"Low-angle insert of a flush pale wall panel near the floor of a technically perfect small luxury apartment on the 786th floor: warm ivory walls, pale stone floor, warm composite wood, frosted glass, a sealed floor-to-ceiling window onto a rose-amber hazy sky and colossal towers; spotless, minimal, emotionally sterile, closed, in flat daylight. Cinematic film still, 16:9 frame with the key action kept inside a central 2.39:1 band, large-format digital cinema camera, clean-dystopia production design, photoreal, subtle film grain, no neon, no text. The air is perfectly filtered: no dust motes, no visible light beams.",Locked off.,
SC13F,SC13,6:12,3,INSERT,85,eye level,locked off,The number creeps.,,BIOLOGICAL VARIANCE 0.003% — WITHIN TOLERANCE,CUT,False,APARTMENT,APARTMENT plate (flow-guide §1.6),"Close insert of the corner of a softly glowing wall interface panel (readout added in post). Cinematic film still, 16:9 frame with the key action kept inside a central 2.39:1 band, large-format digital cinema camera, clean-dystopia production design, photoreal, subtle film grain, no neon, no text. The air is perfectly filtered: no dust motes, no visible light beams.",Locked off.,
SC14A,SC14,6:15,6,MS,35,low,locked off,"Day 9. He kneels at the bay with a waste bag, to clear it out and end it.",,,CUT,False,C01-C03; APARTMENT; HABITAT,DP reference: reference/DP-C01.png + DP-C03.png (add DP-C02.png for three-quarter angles); APARTMENT plate (flow-guide §1.6); HABITAT plate (flow-guide §1.6),"Medium low shot of the man from character reference images C01-C03 (match his face exactly): early 30s, warm brown skin, thick curly dark hair with shorter faded sides, full short neatly trimmed black beard and moustache, small dark mark at the outer corner of his left eye; wearing his heather-grey crew-neck T-shirt and dark-grey cargo work trousers, barefoot, no jacket, kneeling at a flush wall panel near the floor of a technically perfect small luxury apartment on the 786th floor: warm ivory walls, pale stone floor, warm composite wood, frosted glass, a sealed floor-to-ceiling window onto a rose-amber hazy sky and colossal towers; spotless, minimal, emotionally sterile, in evening light, a folded white waste bag in one hand, opening the panel. Cinematic film still, 16:9 frame with the key action kept inside a central 2.39:1 band, large-format digital cinema camera, clean-dystopia production design, photoreal, subtle film grain, no neon, no text. The air is perfectly filtered: no dust motes, no visible light beams.",Locked off. The panel opens; lamp light spills onto him.,
SC14B,SC14,6:21,5,CU,65,eye level,locked off,The strawberry is alive. Barely.,,,CUT,False,HABITAT,HABITAT plate (flow-guide §1.6),"Close-up of a struggling wild strawberry plant in a shallow tray of soil in a lamp-lit wall cavity, alive but barely. Cinematic film still, 16:9 frame with the key action kept inside a central 2.39:1 band, large-format digital cinema camera, clean-dystopia production design, photoreal, subtle film grain, no neon, no text. The air is perfectly filtered: no dust motes, no visible light beams.",Locked off.,
SC14C,SC14,6:26,6,MACRO,100,eye level,slow push in,"Chewed edges on a leaf, and a faint silvery trail on the stem. He reads it as rot.",,,CUT,False,HABITAT,HABITAT plate (flow-guide §1.6),"Macro of a wild strawberry leaf with small chewed, scalloped edges and a faint silvery trail along its stem, warm lamp light. Cinematic film still, 16:9 frame with the key action kept inside a central 2.39:1 band, large-format digital cinema camera, clean-dystopia production design, photoreal, subtle film grain, no neon, no text. The air is perfectly filtered: no dust motes, no visible light beams.",Slow push in along the silvery trail.,
SC14D,SC14,6:32,4,MCU,50,eye level,locked off,"He frowns, and reaches in to clear it.",,,CUT,False,C01-C03,DP reference: reference/DP-C01.png + DP-C03.png (add DP-C02.png for three-quarter angles),"Medium close-up of the man from character reference images C01-C03 (match his face exactly): early 30s, warm brown skin, thick curly dark hair with shorter faded sides, full short neatly trimmed black beard and moustache, small dark mark at the outer corner of his left eye, lit by a warm lamp from a wall cavity, frowning, reaching forward. Cinematic film still, 16:9 frame with the key action kept inside a central 2.39:1 band, large-format digital cinema camera, clean-dystopia production design, photoreal, subtle film grain, no neon, no text. The air is perfectly filtered: no dust motes, no visible light beams.",Locked off. A small frown; his arm moves forward.,
SC14E,SC14,6:36,8,MACRO,100,low,locked off,His finger lifts a leaf. Underneath: the chrysalis.,Silence except his breath and the hum.,,CUT,True,CHRYSALIS; HABITAT,Chrysalis (flow-guide §1.3); HABITAT plate (flow-guide §1.6),"Macro from below: a fingertip lifting a greying wild-strawberry leaf to reveal a 3.5 cm chrysalis hanging under a greying wild-strawberry leaf: translucent wet organic tissue like grape skin held to light, fine uneven metallic threads running beneath it like veins or wiring, an anchoring silk pad of part organic thread and part frayed filament, condensation beads, no glow, it looks like it might be rotting. Cinematic film still, 16:9 frame with the key action kept inside a central 2.39:1 band, large-format digital cinema camera, clean-dystopia production design, photoreal, subtle film grain, no neon, no text. The air is perfectly filtered: no dust motes, no visible light beams.",Locked off. The leaf lifts slowly; the chrysalis sways once.,
SC14F,SC14,6:44,4,ECU,85,eye level,locked off,He leans in. His eyes narrow.,,,CUT,False,C01-C03,DP reference: reference/DP-C01.png + DP-C03.png (add DP-C02.png for three-quarter angles),"Extreme close-up of the eyes of the man from character reference images C01-C03 (match his face exactly): early 30s, warm brown skin, thick curly dark hair with shorter faded sides, full short neatly trimmed black beard and moustache, small dark mark at the outer corner of his left eye, warm lamp light, narrowing as he leans closer to something tiny. Cinematic film still, 16:9 frame with the key action kept inside a central 2.39:1 band, large-format digital cinema camera, clean-dystopia production design, photoreal, subtle film grain, no neon, no text. The air is perfectly filtered: no dust motes, no visible light beams.",Locked off. He leans in a centimetre.,
SC14G,SC14,6:48,6,MACRO,100,eye level,locked off,Metallic threads under translucent tissue. Condensation. To him it looks like mould fused with drone parts. A failure.,,,CUT,False,CHRYSALIS,Chrysalis (flow-guide §1.3),"Extreme macro of a 3.5 cm chrysalis hanging under a greying wild-strawberry leaf: translucent wet organic tissue like grape skin held to light, fine uneven metallic threads running beneath it like veins or wiring, an anchoring silk pad of part organic thread and part frayed filament, condensation beads, no glow, it looks like it might be rotting, showing the metallic threads beneath the translucent tissue and the frayed filament pad. Cinematic film still, 16:9 frame with the key action kept inside a central 2.39:1 band, large-format digital cinema camera, clean-dystopia production design, photoreal, subtle film grain, no neon, no text. The air is perfectly filtered: no dust motes, no visible light beams.",Locked off. A condensation bead slides.,
SC14H,SC14,6:54,5,MS,40,eye level,locked off,The waste bag hovers over the habitat.,,,CUT,False,HABITAT,HABITAT plate (flow-guide §1.6),"Medium shot of a hand holding an open white waste bag hovering over a small open wall cavity at floor level lit by a tiny warm lamp: a shallow tray holding a handful of dry soil, one struggling wild strawberry plant with three leaves (one greying) and one tired white flower, a thumb-sized patch of half-grey moss on a stone, a small glass jar of water; almost pathetic, the lamp light on it. Cinematic film still, 16:9 frame with the key action kept inside a central 2.39:1 band, large-format digital cinema camera, clean-dystopia production design, photoreal, subtle film grain, no neon, no text. The air is perfectly filtered: no dust motes, no visible light beams.",Locked off. The bag hangs in the air.,
SC14I,SC14,6:59,4,CU,50,eye level,locked off,He lowers the bag. He closes the panel.,,,CUT,False,C01-C03,DP reference: reference/DP-C01.png + DP-C03.png (add DP-C02.png for three-quarter angles),"Close-up of the man from character reference images C01-C03 (match his face exactly): early 30s, warm brown skin, thick curly dark hair with shorter faded sides, full short neatly trimmed black beard and moustache, small dark mark at the outer corner of his left eye, lowering a white waste bag and quietly closing a small lamp-lit wall panel. Cinematic film still, 16:9 frame with the key action kept inside a central 2.39:1 band, large-format digital cinema camera, clean-dystopia production design, photoreal, subtle film grain, no neon, no text. The air is perfectly filtered: no dust motes, no visible light beams.",Locked off. The bag drops to his side; the panel closes and the light goes.,
SC14J,SC14,7:03,2,INSERT,85,eye level,locked off,The number.,,BIOLOGICAL VARIANCE 0.006% — WITHIN TOLERANCE,CUT,False,APARTMENT,APARTMENT plate (flow-guide §1.6),"Close insert of the corner of a softly glowing wall interface panel (readout added in post). Cinematic film still, 16:9 frame with the key action kept inside a central 2.39:1 band, large-format digital cinema camera, clean-dystopia production design, photoreal, subtle film grain, no neon, no text. The air is perfectly filtered: no dust motes, no visible light beams.",Locked off.,
SC15A,SC15,7:05,6,WS,24,eye level,locked off,Night 13. The dark apartment. DP asleep; the pet asleep at his feet.,,,CUT,False,APARTMENT; C01-C03; PET,APARTMENT plate (flow-guide §1.6); DP reference: reference/DP-C01.png + DP-C03.png (add DP-C02.png for three-quarter angles); Pet (flow-guide §1.5),"Wide night shot of a technically perfect small luxury apartment on the 786th floor: warm ivory walls, pale stone floor, warm composite wood, frosted glass, a sealed floor-to-ceiling window onto a rose-amber hazy sky and colossal towers; spotless, minimal, emotionally sterile, in darkness, faint rose-amber city glow through the sealed window, the man from character reference images C01-C03 (match his face exactly): early 30s, warm brown skin, thick curly dark hair with shorter faded sides, full short neatly trimmed black beard and moustache, small dark mark at the outer corner of his left eye; wearing his heather-grey crew-neck T-shirt and dark-grey cargo work trousers, barefoot, no jacket, asleep in a low bed, a bio-synthetic companion animal in a cat shape: soft short pale-grey coat, slightly too-perfect proportions and posture, calm glassy eyes, a tiny soft licence light at its collar, asleep at its foot. Cinematic film still, 16:9 frame with the key action kept inside a central 2.39:1 band, large-format digital cinema camera, clean-dystopia production design, photoreal, subtle film grain, no neon, no text. The air is perfectly filtered: no dust motes, no visible light beams.",Locked off. Stillness.,
SC15B,SC15,7:11,6,MCU,65,low,locked off,The pet lifts its head off schedule and turns toward the low wall panel.,A faint organic crack from inside the wall.,,CUT,False,PET,Pet (flow-guide §1.5),"Medium close-up of a bio-synthetic companion animal in a cat shape: soft short pale-grey coat, slightly too-perfect proportions and posture, calm glassy eyes, a tiny soft licence light at its collar, in near darkness lifting its head and turning it toward something low on the far wall. Cinematic film still, 16:9 frame with the key action kept inside a central 2.39:1 band, large-format digital cinema camera, clean-dystopia production design, photoreal, subtle film grain, no neon, no text. The air is perfectly filtered: no dust motes, no visible light beams.","Locked off. The head lifts and turns in one smooth, slightly mechanical move.",
SC15C,SC15,7:17,5,ECU,100,eye level,locked off,Its eye: the classification loop flickers and freezes. It doesn't know what it's looking at.,,,CUT,True,PET,Pet (flow-guide §1.5),"Extreme close-up of the glassy eye of a bio-synthetic cat in darkness, a faint ring pattern in the iris flickering as if searching, then freezing. Cinematic film still, 16:9 frame with the key action kept inside a central 2.39:1 band, large-format digital cinema camera, clean-dystopia production design, photoreal, subtle film grain, no neon, no text. The air is perfectly filtered: no dust motes, no visible light beams.","Locked off. The iris pattern flickers, cycles, then stops dead.",
SC15D,SC15,7:22,5,CU,50,eye level,locked off,"DP wakes, because the pet has never done anything unscheduled before.",,,CUT,False,C01-C03,DP reference: reference/DP-C01.png + DP-C03.png (add DP-C02.png for three-quarter angles),"Close-up of the man from character reference images C01-C03 (match his face exactly): early 30s, warm brown skin, thick curly dark hair with shorter faded sides, full short neatly trimmed black beard and moustache, small dark mark at the outer corner of his left eye, waking in a dark room, faint city glow, looking toward the foot of the bed with confusion. Cinematic film still, 16:9 frame with the key action kept inside a central 2.39:1 band, large-format digital cinema camera, clean-dystopia production design, photoreal, subtle film grain, no neon, no text. The air is perfectly filtered: no dust motes, no visible light beams.",Locked off. His eyes open and find the pet.,
SC15E,SC15,7:27,5,MS,35,floor level,locked off,The low wall panel in darkness. Another faint crack.,A faint crack.,,CUT,False,APARTMENT,APARTMENT plate (flow-guide §1.6),"Medium floor-level shot of a flush pale wall panel near the floor in a dark apartment, a hairline of warm light at its edge. Cinematic film still, 16:9 frame with the key action kept inside a central 2.39:1 band, large-format digital cinema camera, clean-dystopia production design, photoreal, subtle film grain, no neon, no text. The air is perfectly filtered: no dust motes, no visible light beams.",Locked off. The hairline of light flickers faintly.,
SC15F,SC15,7:32,3,INSERT,85,eye level,locked off,The number.,,BIOLOGICAL VARIANCE 0.009% — WITHIN TOLERANCE,CUT,False,APARTMENT,APARTMENT plate (flow-guide §1.6),"Close insert of the corner of a softly glowing wall interface panel in a dark room (readout added in post). Cinematic film still, 16:9 frame with the key action kept inside a central 2.39:1 band, large-format digital cinema camera, clean-dystopia production design, photoreal, subtle film grain, no neon, no text. The air is perfectly filtered: no dust motes, no visible light beams.",Locked off.,
SC16A,SC16,7:35,5,MS,35,low,locked off,He kneels and opens the bay. Lamp on.,,,CUT,False,C01-C03; HABITAT,DP reference: reference/DP-C01.png + DP-C03.png (add DP-C02.png for three-quarter angles); HABITAT plate (flow-guide §1.6),"Medium low shot of the man from character reference images C01-C03 (match his face exactly): early 30s, warm brown skin, thick curly dark hair with shorter faded sides, full short neatly trimmed black beard and moustache, small dark mark at the outer corner of his left eye; wearing his heather-grey crew-neck T-shirt and dark-grey cargo work trousers, barefoot, no jacket, kneeling in a dark apartment and opening a small wall panel; warm lamp light spills over him. Cinematic film still, 16:9 frame with the key action kept inside a central 2.39:1 band, large-format digital cinema camera, clean-dystopia production design, photoreal, subtle film grain, no neon, no text. The air is perfectly filtered: no dust motes, no visible light beams.",Locked off. Light floods his face.,
SC16B,SC16,7:40,8,MACRO,100,eye level,locked off,The chrysalis splits along an uneven seam.,"Tearing tissue, a snapped filament.",,CUT,False,CHRYSALIS,Chrysalis (flow-guide §1.3),"Extreme macro of a 3.5 cm chrysalis hanging under a greying wild-strawberry leaf: translucent wet organic tissue like grape skin held to light, fine uneven metallic threads running beneath it like veins or wiring, an anchoring silk pad of part organic thread and part frayed filament, condensation beads, no glow, it looks like it might be rotting, splitting open along an uneven seam, tissue tearing, a metallic filament snapping. Cinematic film still, 16:9 frame with the key action kept inside a central 2.39:1 band, large-format digital cinema camera, clean-dystopia production design, photoreal, subtle film grain, no neon, no text. The air is perfectly filtered: no dust motes, no visible light beams.",Locked off. The seam opens slowly from top to bottom.,
SC16C,SC16,7:48,8,MACRO,100,eye level,locked off,"The creature pulls itself out: wet, crumpled, wings folded.",,,CUT,False,CREATURE-G1; CHRYSALIS,Creature G1 (flow-guide §1.2); Chrysalis (flow-guide §1.3),"Extreme macro of a wet, crumpled newborn hybrid butterfly pulling itself out of a split translucent chrysalis under a strawberry leaf; wings still folded and soft. It is a fragile hybrid butterfly, 10 cm wingspan: translucent, wet, smoky wing membranes with visible branching pale-amber veins, supported by a few hair-thin matte carbon-fibre spars running alongside the veins; the right forewing slightly shorter with a kinked spar and a crease; soft pale cream segmented organic abdomen, slightly translucent; thin thorax with tiny graphite vertebrae visible beneath thin organic tissue like a fish skeleton through skin; dark organic compound eyes, uneven antennae; moisture beads on the body; no glow, no lights, no visible electronics; faint rose-gold iridescence only at angles; delicate, imperfect, almost accidental, newly emerged. Cinematic film still, 16:9 frame with the key action kept inside a central 2.39:1 band, large-format digital cinema camera, clean-dystopia production design, photoreal, subtle film grain, no neon, no text. The air is perfectly filtered: no dust motes, no visible light beams.","Locked off. Legs grip, the body slides free, it hangs.",
SC16D,SC16,7:56,12,MACRO,100,eye level,locked off,It hangs and pumps fluid into its wings. The veins fill. The wings slowly open.,,,CUT,True,CREATURE-G1,Creature G1 (flow-guide §1.2),"Extreme macro of a fragile hybrid butterfly, 10 cm wingspan: translucent, wet, smoky wing membranes with visible branching pale-amber veins, supported by a few hair-thin matte carbon-fibre spars running alongside the veins; the right forewing slightly shorter with a kinked spar and a crease; soft pale cream segmented organic abdomen, slightly translucent; thin thorax with tiny graphite vertebrae visible beneath thin organic tissue like a fish skeleton through skin; dark organic compound eyes, uneven antennae; moisture beads on the body; no glow, no lights, no visible electronics; faint rose-gold iridescence only at angles; delicate, imperfect, almost accidental, hanging beneath an empty split chrysalis as its wings expand, pale-amber fluid visibly filling the veins, wings half-open. Cinematic film still, 16:9 frame with the key action kept inside a central 2.39:1 band, large-format digital cinema camera, clean-dystopia production design, photoreal, subtle film grain, no neon, no text. The air is perfectly filtered: no dust motes, no visible light beams.","Locked off, time-compressed. Veins fill and the wings unfold and flatten over the clip; chain two clips.",
SC16E,SC16,8:08,5,ECU,100,eye level,locked off,The right wing doesn't fully flatten. The kink stays.,,,CUT,False,CREATURE-G1,Creature G1 (flow-guide §1.2),"Extreme close-up of the right forewing of a fragile hybrid butterfly, 10 cm wingspan: translucent, wet, smoky wing membranes with visible branching pale-amber veins, supported by a few hair-thin matte carbon-fibre spars running alongside the veins; the right forewing slightly shorter with a kinked spar and a crease; soft pale cream segmented organic abdomen, slightly translucent; thin thorax with tiny graphite vertebrae visible beneath thin organic tissue like a fish skeleton through skin; dark organic compound eyes, uneven antennae; moisture beads on the body; no glow, no lights, no visible electronics; faint rose-gold iridescence only at angles; delicate, imperfect, almost accidental: a kinked carbon-fibre spar and a crease that will not flatten. Cinematic film still, 16:9 frame with the key action kept inside a central 2.39:1 band, large-format digital cinema camera, clean-dystopia production design, photoreal, subtle film grain, no neon, no text. The air is perfectly filtered: no dust motes, no visible light beams.",Locked off. The wing strains to flatten and stops short.,
SC16F,SC16,8:13,6,MACRO,100,eye level,locked off,Moisture beads along its body. The abdomen breathes.,,,CUT,False,CREATURE-G1,Creature G1 (flow-guide §1.2),"Extreme macro of the body of a fragile hybrid butterfly, 10 cm wingspan: translucent, wet, smoky wing membranes with visible branching pale-amber veins, supported by a few hair-thin matte carbon-fibre spars running alongside the veins; the right forewing slightly shorter with a kinked spar and a crease; soft pale cream segmented organic abdomen, slightly translucent; thin thorax with tiny graphite vertebrae visible beneath thin organic tissue like a fish skeleton through skin; dark organic compound eyes, uneven antennae; moisture beads on the body; no glow, no lights, no visible electronics; faint rose-gold iridescence only at angles; delicate, imperfect, almost accidental, moisture beads along the thorax, the soft cream abdomen visibly expanding and contracting. Cinematic film still, 16:9 frame with the key action kept inside a central 2.39:1 band, large-format digital cinema camera, clean-dystopia production design, photoreal, subtle film grain, no neon, no text. The air is perfectly filtered: no dust motes, no visible light beams.",Locked off. The abdomen rises and falls.,
SC16G,SC16,8:19,6,CU,65,eye level,locked off,DP's face. He has stopped breathing.,Near silence.,,CUT,False,C01-C03,DP reference: reference/DP-C01.png + DP-C03.png (add DP-C02.png for three-quarter angles),"Close-up of the man from character reference images C01-C03 (match his face exactly): early 30s, warm brown skin, thick curly dark hair with shorter faded sides, full short neatly trimmed black beard and moustache, small dark mark at the outer corner of his left eye, lit warm from below by a tiny lamp, completely still, holding his breath, eyes wide. Cinematic film still, 16:9 frame with the key action kept inside a central 2.39:1 band, large-format digital cinema camera, clean-dystopia production design, photoreal, subtle film grain, no neon, no text. The air is perfectly filtered: no dust motes, no visible light beams.",Locked off. Nothing moves.,
SC16H,SC16,8:25,5,MACRO,100,eye level,rack focus,"The creature in the foreground. His face, soft behind it.",,,CUT,False,CREATURE-G1; C01-C03,Creature G1 (flow-guide §1.2); DP reference: reference/DP-C01.png + DP-C03.png (add DP-C02.png for three-quarter angles),"Macro two-shot: a fragile hybrid butterfly, 10 cm wingspan: translucent, wet, smoky wing membranes with visible branching pale-amber veins, supported by a few hair-thin matte carbon-fibre spars running alongside the veins; the right forewing slightly shorter with a kinked spar and a crease; soft pale cream segmented organic abdomen, slightly translucent; thin thorax with tiny graphite vertebrae visible beneath thin organic tissue like a fish skeleton through skin; dark organic compound eyes, uneven antennae; moisture beads on the body; no glow, no lights, no visible electronics; faint rose-gold iridescence only at angles; delicate, imperfect, almost accidental, sharp in the foreground under a strawberry leaf, and behind it the soft-focus face of the man from character reference images C01-C03 (match his face exactly): early 30s, warm brown skin, thick curly dark hair with shorter faded sides, full short neatly trimmed black beard and moustache, small dark mark at the outer corner of his left eye, lamp-lit. Cinematic film still, 16:9 frame with the key action kept inside a central 2.39:1 band, large-format digital cinema camera, clean-dystopia production design, photoreal, subtle film grain, no neon, no text. The air is perfectly filtered: no dust motes, no visible light beams.",Rack focus from the creature to his eyes and back.,
SC17A,SC17,8:30,4,MACRO,100,eye level,locked off,"It launches, and crashes into the bay wall.",A tiny tap.,,CUT,False,CREATURE-G1,Creature G1 (flow-guide §1.2),"Macro of a fragile hybrid butterfly, 10 cm wingspan: translucent, wet, smoky wing membranes with visible branching pale-amber veins, supported by a few hair-thin matte carbon-fibre spars running alongside the veins; the right forewing slightly shorter with a kinked spar and a crease; soft pale cream segmented organic abdomen, slightly translucent; thin thorax with tiny graphite vertebrae visible beneath thin organic tissue like a fish skeleton through skin; dark organic compound eyes, uneven antennae; moisture beads on the body; no glow, no lights, no visible electronics; faint rose-gold iridescence only at angles; delicate, imperfect, almost accidental, launching clumsily from a strawberry leaf and bumping into the pale wall of a lamp-lit cavity. Cinematic film still, 16:9 frame with the key action kept inside a central 2.39:1 band, large-format digital cinema camera, clean-dystopia production design, photoreal, subtle film grain, no neon, no text. The air is perfectly filtered: no dust motes, no visible light beams.","Locked off. It lifts, veers right, bumps the wall and drops.",
SC17B,SC17,8:34,5,MACRO,100,eye level,locked off,A wing sticks to the wet jar. It tugs free.,,,CUT,False,CREATURE-G1; HABITAT,Creature G1 (flow-guide §1.2); HABITAT plate (flow-guide §1.6),"Macro of a fragile hybrid butterfly, 10 cm wingspan: translucent, wet, smoky wing membranes with visible branching pale-amber veins, supported by a few hair-thin matte carbon-fibre spars running alongside the veins; the right forewing slightly shorter with a kinked spar and a crease; soft pale cream segmented organic abdomen, slightly translucent; thin thorax with tiny graphite vertebrae visible beneath thin organic tissue like a fish skeleton through skin; dark organic compound eyes, uneven antennae; moisture beads on the body; no glow, no lights, no visible electronics; faint rose-gold iridescence only at angles; delicate, imperfect, almost accidental, one wet wing stuck to the side of a small glass jar of water, pulling free. Cinematic film still, 16:9 frame with the key action kept inside a central 2.39:1 band, large-format digital cinema camera, clean-dystopia production design, photoreal, subtle film grain, no neon, no text. The air is perfectly filtered: no dust motes, no visible light beams.",Locked off. The wing peels off the glass.,
SC17C,SC17,8:39,6,CU,85,eye level,locked off,"It rests on his sleeve, trembling.",,,CUT,False,CREATURE-G1; C01-C03,Creature G1 (flow-guide §1.2); DP reference: reference/DP-C01.png + DP-C03.png (add DP-C02.png for three-quarter angles),"Close-up of a fragile hybrid butterfly, 10 cm wingspan: translucent, wet, smoky wing membranes with visible branching pale-amber veins, supported by a few hair-thin matte carbon-fibre spars running alongside the veins; the right forewing slightly shorter with a kinked spar and a crease; soft pale cream segmented organic abdomen, slightly translucent; thin thorax with tiny graphite vertebrae visible beneath thin organic tissue like a fish skeleton through skin; dark organic compound eyes, uneven antennae; moisture beads on the body; no glow, no lights, no visible electronics; faint rose-gold iridescence only at angles; delicate, imperfect, almost accidental, resting on the heather-grey T-shirt sleeve of a man's arm, wings trembling, warm lamp light. Cinematic film still, 16:9 frame with the key action kept inside a central 2.39:1 band, large-format digital cinema camera, clean-dystopia production design, photoreal, subtle film grain, no neon, no text. The air is perfectly filtered: no dust motes, no visible light beams.",Locked off. The wings tremble and settle.,
SC17D,SC17,8:45,5,MS,50,eye level,locked off,"It flutters up, dipping to the right, out of the bay.",Wings: the first un-designed sound.,,CUT,False,CREATURE-G1; HABITAT,Creature G1 (flow-guide §1.2); HABITAT plate (flow-guide §1.6),"Medium shot of a fragile hybrid butterfly, 10 cm wingspan: translucent, wet, smoky wing membranes with visible branching pale-amber veins, supported by a few hair-thin matte carbon-fibre spars running alongside the veins; the right forewing slightly shorter with a kinked spar and a crease; soft pale cream segmented organic abdomen, slightly translucent; thin thorax with tiny graphite vertebrae visible beneath thin organic tissue like a fish skeleton through skin; dark organic compound eyes, uneven antennae; moisture beads on the body; no glow, no lights, no visible electronics; faint rose-gold iridescence only at angles; delicate, imperfect, almost accidental, fluttering up out of a small lamp-lit wall cavity into a dark apartment, dipping to the right. Cinematic film still, 16:9 frame with the key action kept inside a central 2.39:1 band, large-format digital cinema camera, clean-dystopia production design, photoreal, subtle film grain, no neon, no text. The air is perfectly filtered: no dust motes, no visible light beams.","Locked off. Uneven flutter, a dip to the right, up and out of frame.",
SC17E,SC17,8:50,10,WS,32,eye level,locked off,"It flies through the lamp's beam, and shed scales make the light beam visible for the first time in the film.",,,CUT,True,CREATURE-G1; APARTMENT; HABITAT,Creature G1 (flow-guide §1.2); APARTMENT plate (flow-guide §1.6); HABITAT plate (flow-guide §1.6),"Wide shot of a dark, spotless apartment: a fragile hybrid butterfly, 10 cm wingspan: translucent, wet, smoky wing membranes with visible branching pale-amber veins, supported by a few hair-thin matte carbon-fibre spars running alongside the veins; the right forewing slightly shorter with a kinked spar and a crease; soft pale cream segmented organic abdomen, slightly translucent; thin thorax with tiny graphite vertebrae visible beneath thin organic tissue like a fish skeleton through skin; dark organic compound eyes, uneven antennae; moisture beads on the body; no glow, no lights, no visible electronics; faint rose-gold iridescence only at angles; delicate, imperfect, almost accidental, flying through the warm light spilling from a small open wall cavity; tiny shed scales drift in the light, making a soft beam visible in the air for the first time. Cinematic film still, 16:9 frame with the key action kept inside a central 2.39:1 band, large-format digital cinema camera, clean-dystopia production design, photoreal, subtle film grain, no neon, no text.",Locked off. The creature crosses the light; glittering scales hang and drift in the beam.,
SC17F,SC17,9:00,30,CU,65,eye level,locked off,"The long hold. DP sitting on the floor, watching it. He has never seen anything that wasn't programmed to behave.","No music. Wings, his breathing, the hum.",,CUT,True,C01-C03,DP reference: reference/DP-C01.png + DP-C03.png (add DP-C02.png for three-quarter angles),"Close-up of the man from character reference images C01-C03 (match his face exactly): early 30s, warm brown skin, thick curly dark hair with shorter faded sides, full short neatly trimmed black beard and moustache, small dark mark at the outer corner of his left eye; wearing his heather-grey crew-neck T-shirt and dark-grey cargo work trousers, barefoot, no jacket, sitting on the floor in a dark apartment, lit warm by a small lamp, watching something flutter above him with quiet, overwhelmed wonder; a few drifting scales glinting in the air between him and the lamp. Cinematic film still, 16:9 frame with the key action kept inside a central 2.39:1 band, large-format digital cinema camera, clean-dystopia production design, photoreal, subtle film grain, no neon, no text.","Locked off. Only his eyes move, following it. Build the 30 s by chaining four clips from each clip's last frame.",
SC17G,SC17,9:30,10,WS,28,eye level,locked off,"The creature loops imperfectly in the warm beam above him. In the shadows, the pet watches.",,,CUT,False,C01-C03; CREATURE-G1; PET; APARTMENT,DP reference: reference/DP-C01.png + DP-C03.png (add DP-C02.png for three-quarter angles); Creature G1 (flow-guide §1.2); Pet (flow-guide §1.5); APARTMENT plate (flow-guide §1.6),"Wide shot of a dark apartment: the man from character reference images C01-C03 (match his face exactly): early 30s, warm brown skin, thick curly dark hair with shorter faded sides, full short neatly trimmed black beard and moustache, small dark mark at the outer corner of his left eye; wearing his heather-grey crew-neck T-shirt and dark-grey cargo work trousers, barefoot, no jacket, sitting on the floor beside a small lamp-lit wall cavity, a fragile hybrid butterfly, 10 cm wingspan: translucent, wet, smoky wing membranes with visible branching pale-amber veins, supported by a few hair-thin matte carbon-fibre spars running alongside the veins; the right forewing slightly shorter with a kinked spar and a crease; soft pale cream segmented organic abdomen, slightly translucent; thin thorax with tiny graphite vertebrae visible beneath thin organic tissue like a fish skeleton through skin; dark organic compound eyes, uneven antennae; moisture beads on the body; no glow, no lights, no visible electronics; faint rose-gold iridescence only at angles; delicate, imperfect, almost accidental, looping unevenly in the warm beam above him, and a bio-synthetic companion animal in a cat shape: soft short pale-grey coat, slightly too-perfect proportions and posture, calm glassy eyes, a tiny soft licence light at its collar, in the shadows watching. Cinematic film still, 16:9 frame with the key action kept inside a central 2.39:1 band, large-format digital cinema camera, clean-dystopia production design, photoreal, subtle film grain, no neon, no text.",Locked off. The creature loops and dips right; the pet's head follows it smoothly.,
SC18A,SC18,9:40,8,INSERT,85,eye level,locked off,"The home panel in the dark. The number ticks over, and the line changes colour.",One polite interface tone.,0.009% → 0.010% — WITHIN TOLERANCE → FLAGGED FOR REVIEW,CUT,True,APARTMENT,APARTMENT plate (flow-guide §1.6),"Close insert of the corner of a softly glowing wall interface panel in a dark room, a faint warm glow from off-screen (readout added in post). Cinematic film still, 16:9 frame with the key action kept inside a central 2.39:1 band, large-format digital cinema camera, clean-dystopia production design, photoreal, subtle film grain, no neon, no text. The air is perfectly filtered: no dust motes, no visible light beams.",Locked off. The panel's glow shifts from neutral to a soft amber.,
SC18B,SC18,9:48,5,ECU,100,eye level,locked off,"The pet's eye in the dark, reflecting the fluttering creature. Its licence light blinks.",,,CUT,False,PET,Pet (flow-guide §1.5),"Extreme close-up of the glassy eye of a bio-synthetic cat in the dark, a tiny fluttering winged shape reflected in it, a small licence light blinking at the edge of frame. Cinematic film still, 16:9 frame with the key action kept inside a central 2.39:1 band, large-format digital cinema camera, clean-dystopia production design, photoreal, subtle film grain, no neon, no text. The air is perfectly filtered: no dust motes, no visible light beams.",Locked off. The reflection flutters; the light blinks once.,
SC18C,SC18,9:53,7,TITLE,0,—,—,Black. Wings and breath. End card.,Fluttering wings + one human breath. Silence.,FLUTTER — Episode 1,FADE OUT,False,,,Pure black frame (end card added in post).,Hold on black.,
